data_split,row_id,actual,gwr_pred
val_2024,332,823.4718826405868,956.9942600617605
val_2024,333,1283.3333333333333,1339.4091450707444
val_2024,334,1276.9010043041608,1200.742914911257
val_2024,335,1330.5024769992922,1038.7107909137494
val_2024,336,312.8214222379855,199.03712275980763
val_2024,337,1011.326860841424,895.0722992230549
val_2024,338,971.5346534653464,1002.2022397030062
val_2024,339,1330.5024769992922,1093.3118769664507
val_2024,340,1071.5328467153286,992.7991597112516
val_2024,341,1176.6423357664237,992.7991597112516
val_2024,342,1125.7309941520468,1241.1623963767317
val_2024,343,649.1646778042959,887.9447275977883
val_2024,344,213.27726043857007,413.17854916260876
val_2024,345,638.4892086330935,860.9744866593469
val_2024,346,1316.348195329087,1007.1913294674396
val_2024,347,935.627788400255,844.8884187870767
val_2024,348,161.989504905316,280.5374288502469
val_2024,349,1291.759465478842,1086.8630995143576
val_2024,350,410.2817597627286,573.338936080605
val_2024,351,1072.6294552790855,790.56022899961
val_2024,352,904.153354632588,871.1004510437149
val_2024,353,945.7070707070708,1027.7731783420209
val_2024,354,1330.5024769992922,1116.1983588197454
val_2024,355,864.903502501787,964.6635610058345
val_2024,356,480.225988700565,579.4085472456636
val_2024,357,714.7011308562197,795.1919187580324
val_2024,358,1482.795317488471,1412.558220750363
val_2024,359,599.8956703182055,669.5834910179301
val_2024,360,1435.6435643564355,1302.7054513519724
val_2024,361,910.3322712790168,835.7549566720113
val_2024,362,1426.03760198652,1304.758523425684
val_2024,363,334.92822966507174,132.00356285773796
val_2024,364,517.3688100517369,609.9771230667293
val_2024,365,559.7416576964479,686.3632951756078
val_2024,366,1060.6060606060605,964.4741813539208
val_2024,367,649.5098039215686,807.4950466628578
val_2024,368,1285.4181064270904,1186.609324097296
val_2024,369,651.8151815181518,835.0526682752577
val_2024,370,447.2843450479233,124.58533777192065
val_2024,371,969.6969696969696,1027.7731783420209
val_2024,372,297.56915339480304,556.8806389764147
val_2024,373,658.4362139917695,774.4132688887321
val_2024,374,1283.3333333333333,1339.4091450707444
val_2024,375,932.471264367816,878.2932873981142
val_2024,376,670.2412868632708,646.6352695006244
val_2024,377,1121.9512195121952,1226.0364614738162
val_2024,378,1231.4225053078555,1007.1913294674396
val_2024,379,1037.0931112793337,953.2316242961208
val_2024,380,732.6478149100257,880.0468329767039
val_2024,381,786.1635220125786,928.6354279119014
val_2024,382,428.8499025341131,579.1692106488699
val_2024,383,916.8356997971604,931.0287309538503
val_2024,384,318.64530225782954,208.50403192470594
val_2024,385,108.28161780440831,433.8984976784627
val_2024,386,371.3995255845476,319.21185022352756
val_2024,387,1036.863662960796,915.94015150078
val_2024,388,1313.5313531353136,1234.5956765753583
val_2024,389,690.9380813180973,532.754025369662
val_2024,390,1333.3333333333333,1163.130453203808
val_2024,391,915.276851234156,921.8242411461077
val_2024,392,1283.3333333333333,1339.4091450707444
val_2024,393,668.693009118541,688.1598827934606
val_2024,394,872.2197993894462,1034.780711302084
val_2024,395,1089.8796886058033,1038.7107909137494
val_2024,396,680.2189210320563,1010.5777486197305
val_2024,397,648.6362594545037,569.565964929014
val_2024,398,1159.7374179431072,973.9769487896132
val_2024,399,658.4145377929945,545.6958714468092
val_2024,400,967.4728940783988,1021.2592944948691
val_2024,401,319.4103194103194,349.23407783234666
val_2024,402,2094.833687190375,1038.7107909137494
val_2024,403,777.9670641680864,843.0770438323685
val_2024,404,505.9704513256426,-838.6791738026823
val_2024,405,748.5875706214689,766.7875925709113
val_2024,406,788.9273356401385,782.5287405362008
val_2024,407,415.1100041511,393.8470242900471
val_2024,408,924.914675767918,860.164900555485
val_2024,409,495.81239530988273,598.5148962865851
val_2024,410,996.299459151722,832.392145854805
val_2024,411,666.2476429918291,603.0538356956403
val_2024,412,1080.9792843691148,887.542975903141
val_2024,413,311.3087674714104,269.3027035353316
val_2024,414,377.34020161737016,234.8568434023507
val_2024,415,402.7695199370912,553.5070036425707
val_2024,416,1293.2832707551106,1163.130453203808
val_2024,417,660.344084335933,726.5725265952358
val_2024,418,684.6780162842339,662.9138558720791
val_2024,419,663.1131416968082,971.5974946069264
val_2024,420,737.1007371007371,1016.9365771229204
val_2024,421,437.3974849644615,645.8053842969257
val_2024,422,828.40996660673,845.6849842574054
val_2024,423,257.1298789786185,306.93849245421825
val_2024,424,257.1298789786185,306.93849245421825
val_2024,425,456.87134502923976,407.1591398722594
val_2024,426,486.4824717765894,610.0394003035995
val_2024,427,1433.8112704234743,1037.6369683156954
val_2024,428,679.4532274028303,780.7540649906186
val_2024,429,497.5674480318443,551.1233680527899
val_2024,430,373.5990037359901,572.6421438630857
val_2024,431,1164.6974729849053,1249.0512813836103
val_2024,432,725.2215954875101,1039.0667077533299
val_2024,433,965.8960860608836,1008.9489680091334
val_2024,434,832.244008714597,991.7758395253552
val_2024,435,790.273556231003,678.9797796666805
val_2024,436,1294.7004704217145,1147.9129630191528
val_2024,437,982.2811590917676,936.6913821556126
val_2024,438,358.56187615078983,266.82644293721216
val_2024,439,933.8812103100486,904.6199466077718
val_2024,440,638.2978723404256,545.9653437262186
val_2024,441,628.3819165648456,578.7808033014522
val_2024,442,914.891818796484,866.7802251876687
val_2024,443,497.5124378109453,551.6077865437876
val_2024,444,932.3055723021272,919.2393511969531
val_2024,445,864.1818796484112,878.2932873981142
val_2024,446,502.7863777089784,718.3389129340816
val_2024,447,747.0762785826498,585.3920563357693
val_2024,448,648.2072221513334,708.9170618374576
val_2024,449,257.1298789786185,306.93849245421825
val_2024,450,494.6402858514213,435.9317675108184
val_2024,451,746.3511720477665,773.3277191344437
val_2024,452,714.6029310832089,837.9896669006808
val_2024,453,505.7072677358764,599.4547061864225
val_2024,454,944.7756157912496,900.400299524681
val_2024,455,257.1298789786185,274.68427095576226
val_2024,456,717.6470588235294,858.5332443987993
val_2024,457,366.5496049165935,489.79333596658125
val_2024,458,630.756908289948,639.1808587541881
val_2024,459,837.4088139668314,1056.948890775754
val_2024,460,881.7670494492618,1063.137165060822
val_2024,461,866.6182522391673,1012.3001135447739
val_2024,462,785.6706696519439,908.3577487972859
val_2024,463,477.2961816305469,529.9989408990517
val_2024,464,584.0033855268726,668.5556118359209
val_2024,465,936.5049634763064,905.0789479494433
val_2024,466,630.756908289948,635.5893674534312
val_2024,467,664.2118019949661,1045.112509357161
val_2024,468,331.28253667770946,583.996969578055
val_2024,469,948.3204134366924,1111.8081006169996
val_2024,470,249.7261774370208,443.7883561274723
val_2024,471,851.683348498635,911.676863303077
val_2024,472,510.7125062282013,290.48223292423654
val_2024,473,1147.9209270620313,1034.9493552800673
val_2024,474,264.331736329093,375.61652563183634
val_2024,475,655.3767993226079,758.0799698865392
val_2024,476,709.2941998602375,864.3146525675704
val_2024,477,970.7602339181286,927.2573229196396
val_2024,478,970.7602339181286,927.2573229196396
val_2024,479,682.7084499160604,448.0545359346286
val_2024,480,228.2608695652174,469.13732610147554
val_2024,481,959.06432748538,927.2573229196396
val_2024,482,969.283276450512,862.4056791115954
val_2024,483,591.9661733615222,519.1594281963212
val_2024,484,401.2016021361816,764.4948778747962
val_2024,485,819.5050946142649,814.4649351750465
val_2024,486,635.5555555555555,608.8540717251137
val_2024,487,399.1423387761834,483.04396775443274
val_2024,488,873.015873015873,1011.7378850803123
val_2024,489,855.9670781893004,932.3900466603814
val_2024,490,426.3742957210294,495.2308364893979
val_2024,491,212.3552123552124,274.68427095576226
val_2024,492,955.631399317406,929.7513658057724
val_2024,493,1296.7200610221205,966.073148548683
val_2024,494,872.4279835390946,1012.3001135447739
val_2024,495,1146.7236467236469,871.012220493543
val_2024,496,597.7229601518027,603.8693919125973
val_2024,497,851.4469453376205,982.615009270656
val_2024,498,873.5213830755232,911.676863303077
val_2024,499,168.93229510360302,522.7786789617626
val_2024,500,453.1490015360984,536.3307100411132
val_2024,501,741.3509060955519,1048.5599604318431
val_2024,502,737.1007371007371,1046.0786246822827
val_2024,503,650.6265664160401,631.5762860108259
val_2024,504,1477.4774774774774,1373.015341021236
val_2024,505,843.5814455231931,1083.798692814833
val_2024,506,626.5664160401003,611.1786962855356
val_2024,507,448.63167339614176,387.2999635527856
val_2024,508,1106.5693430656936,1042.9879368118986
val_2024,509,591.1924391715263,601.2799452225315
val_2024,510,693.446088794926,710.1838913531642
val_2024,511,1023.8907849829352,920.7882515813312
val_2024,512,628.7878787878789,866.2239276424108
val_2024,513,565.0747356908495,496.8860443609342
val_2024,514,295.874173695008,497.24395705179995
val_2024,515,997.1509971509972,940.5986857438304
val_2024,516,929.1270527225583,939.769799128726
val_2024,517,1091.8432883750802,931.8547148910997
val_2024,518,556.4784053156146,706.2497509327832
val_2024,519,1047.3186119873817,972.0314769151632
val_2024,520,487.012987012987,631.7519175617381
val_2024,521,416.6666666666667,380.55031403146745
val_2024,522,438.0214541120381,618.8648400635263
val_2024,523,492.8216454997239,533.0358732707684
val_2024,524,597.7229601518027,607.4608832133541
val_2024,525,737.1007371007371,1046.0786246822827
val_2024,526,851.683348498635,900.3671380267047
val_2024,527,454.7413793103448,335.4608138892253
val_2024,528,679.0450928381962,628.0198227598858
val_2024,529,431.0344827586207,353.27190919361135
val_2024,530,398.7863025574339,425.5968284465682
val_2024,531,1006.3091482649844,916.5195961775589
val_2024,532,1471.004243281471,1464.404997338991
val_2024,533,253.1568537958314,341.2065604022938
val_2024,534,273.6823519025337,83.81487404210156
val_2024,535,1147.6466795615731,1015.415250921103
val_2024,536,887.3720136518771,925.2698086935518
val_2024,537,662.5891946992864,732.8980998289928
val_2024,538,819.571865443425,1015.804925807086
val_2024,539,418.1862387551665,527.1630864779199
val_2024,540,1247.2647702407,965.9638217892699
val_2024,541,1283.3333333333333,1416.7488555212979
val_2024,542,1442.3994546693934,1182.6645575627722
val_2024,543,1477.4774774774774,1373.015341021236
val_2024,544,990.6063193851408,848.4183998554915
val_2024,545,1356.4356435643565,1260.5908449265478
val_2024,546,692.2592825676526,524.8484992541796
val_2024,547,1010.2389078498292,855.6833434432644
val_2024,548,774.2765273311896,915.1024951222519
val_2024,549,568.6274509803922,443.3660894170489
val_2024,550,1089.799476896251,983.2007075332497
val_2024,551,670.6408345752608,690.9952762540961
val_2024,552,812.7068166776969,1162.9666211586045
val_2024,553,404.8582995951417,395.32505842033436
val_2024,554,1196.0132890365448,937.5425218658593
val_2024,555,942.8989751098096,832.231863804664
val_2024,556,642.7767957576732,515.5856398052047
val_2024,557,376.81159420289856,378.7451583036252
val_2024,558,563.3802816901408,458.5751984991657
val_2024,559,1140.835102618542,1038.7107909137494
val_2024,560,555.6858147713951,844.8411754540357
val_2024,561,1006.3091482649844,916.5195961775589
val_2024,562,493.9209726443769,618.9431777049235
val_2024,563,698.8390621443206,551.1291079433149
val_2024,564,799.5594713656387,805.8224617124396
val_2024,565,592.8011260808365,507.30640197898833
val_2024,566,389.9112083857933,576.9504051846147
val_2024,567,440.6980183377699,414.88484676051644
val_2024,568,835.2419694846112,1048.5210772254782
val_2024,569,188.00182076261945,502.09886663265615
val_2024,570,651.6001319696469,1049.7936260818105
val_2024,571,1464.2207660999336,1356.605300014312
val_2024,572,1513.6054421768706,1368.7510466673066
val_2024,573,960.240156668728,985.5738470166209
val_2024,574,1079.4140323824208,954.0946316915815
val_2024,575,899.4546094299789,885.3496248257379
val_2024,576,666.159774663464,730.324029517737
val_2024,577,367.08786708786704,325.0151686943302
val_2024,578,370.8086785009862,161.72974644309875
val_2024,579,914.88508536817,1037.6120466013897
val_2024,580,305.435622843568,522.7786789617626
val_2024,581,936.5049634763064,916.3886732258156
val_2024,582,452.8597153146973,701.1951888257568
val_2024,583,1370.6544188800783,1061.6948441435925
val_2024,584,968.2862086382738,1019.3939198302414
val_2024,585,923.0481183299006,876.2463593682976
val_2024,586,972.342264477096,928.4600738523537
val_2024,587,414.33044807622986,417.2201130860815
val_2024,588,661.7977417545839,534.2055254946567
val_2024,589,522.2306510999686,369.78959296614744
val_2024,590,392.3469387755102,539.4233289512347
val_2024,591,464.8485599166478,347.93705567130905
val_2024,592,167.61649346295675,357.04244891372696
val_2024,593,1054.6139359698682,945.9255483728768
val_2024,594,382.33966805395374,349.23407783234666
val_2024,595,787.2976776917664,878.2932873981142
val_2024,596,1254.112148141532,957.9506947889266
val_2024,597,870.7097296750024,875.943630814153
val_2024,598,672.2689075630252,886.2891847676012
val_2024,599,746.2686567164179,1080.5554001591872
val_2024,600,910.9637545870085,916.5195961775589
val_2024,601,855.4030543205104,821.037822674379
val_2024,602,750.9630358167362,679.9524555339012
val_2024,603,1447.182646643563,1435.2879125096315
val_2024,604,1024.2670812247102,905.5274877812983
val_2024,605,632.1163048319495,881.3245281541895
val_2024,606,374.48476927716894,384.10837430115
val_2024,607,1037.7234568490942,919.1645963437887
val_2024,608,985.568461809222,935.3779843895354
val_2024,609,788.6435331230284,973.5404236724382
val_2024,610,1512.332495963976,1412.558220750363
val_2024,611,361.27167630057806,164.16432759463532
val_2024,612,535.7548424775315,721.3014706607657
val_2024,613,438.9976220962136,473.2203256301791
val_2024,614,916.0482374768088,919.7171027087667
val_2024,615,424.53772115499817,258.28083039687044
val_2024,616,1307.4199963330182,1022.8060659391913
val_2024,617,1439.684784805011,1260.5908449265478
val_2024,618,894.1200242473227,960.002908377606
val_2024,619,427.2771687423394,362.77972775148135
val_2024,620,318.08199897814575,623.2749701794453
val_2024,621,564.831993403422,807.0744689226203
val_2024,622,601.5284611353164,472.8494580533011
val_2024,623,532.5548283131533,714.8776412456664
val_2024,624,1338.4483026106088,1154.7221793744857
val_2024,625,334.30747973245616,447.0148717005368
val_2024,626,1236.7319115785372,1108.8069564214197
val_2024,627,552.6986283155628,561.5918827743631
val_2024,628,1367.896154617336,881.5342702036831
val_2024,629,1439.8052799101292,1488.3017270252603
val_2024,630,1387.3654129261322,1356.605300014312
val_2024,631,982.7894291357096,836.7730506370564
val_2024,632,1092.4001502441467,925.6959676814353
val_2024,633,1123.3009581481915,935.0791597341084
val_2024,634,630.756908289948,642.7723500549445
val_2024,635,1505.9586488157915,1429.3606406237104
val_2024,636,1322.9341494718135,1186.609324097296
val_2024,637,506.3938367445267,391.6511676212433
val_2024,638,489.7796601213678,456.45293233030077
val_2024,639,882.9593330743717,946.9952915657552
val_2024,640,995.791312634003,1008.9489680091334
val_2024,641,878.1606525967427,1045.186595072114
val_2024,642,581.3953488372093,637.0330458442463
val_2024,643,794.1955093636631,821.4109405788671
val_2024,644,680.8623666386294,746.0970918794392
val_2024,645,761.0697708686363,961.6068597274505
val_2024,646,821.1267400759306,929.0928640851967
val_2024,647,1379.066478076379,1260.5908449265478
val_2024,648,968.361482524044,866.7802251876687
val_2024,649,323.3617665816326,393.01587464591876
val_2024,650,1191.76903657109,1100.2186646983328
val_2024,651,1554.4217687074831,1315.2496995509628
val_2024,652,826.7922553636838,1115.552643662499
val_2024,653,942.0080088773096,1096.9025789325094
val_2024,654,1122.2193303427898,1089.8159972823896
val_2024,655,1109.786980485625,1042.9879368118986
val_2024,656,935.374149659864,866.7802251876687
val_2024,657,906.0184583387496,1034.3904902378383
val_2024,658,732.9204594261329,615.4618060275797
val_2024,659,990.7997169143664,840.6291610161925
val_2024,660,1163.4142708178165,1093.1767139125457
val_2024,661,780.4606991311375,835.0526682752577
val_2024,662,957.0388665020148,954.658108239498
val_2024,663,631.5180047382894,653.6964122337718
val_2024,664,414.9691372612036,660.1430537032095
val_2024,665,524.200940390723,584.1632623733831
val_2024,666,155.01602940026584,318.9775622289294
val_2024,667,1336.9704317370513,1234.5956765753583
val_2024,668,1595.2380952380952,1422.2523937836495
val_2024,669,1296.8446849790666,1249.0512813836103
val_2024,670,199.5227213886106,274.68427095576226
val_2024,671,1391.3403199117483,1327.222050376774
val_2024,672,1015.0601120951526,1016.2585514036418
val_2024,673,296.0974679363425,497.24395705179995
val_2024,674,1096.2198713815158,840.4052728551483
val_2024,675,679.4301879167509,835.0526682752577
val_2024,676,990.7997169143664,840.6291610161925
val_2024,677,572.7277648459914,681.4098942096398
val_2024,678,1268.1080924938974,1007.1913294674396
val_2024,679,352.019515782582,402.390439375758
val_2024,680,442.0860467017247,764.4948778747962
val_2024,681,793.6507936507936,1083.798692814833
val_2024,682,311.5527950310559,271.9619465162564
val_2024,683,711.42318313464,835.0526682752577
val_2024,684,788.6435331230284,945.7844833036361
val_2024,685,308.99620376092525,257.6196581207105
val_2024,686,1014.7211750942414,972.6097522344076
val_2024,687,1580.9358644823635,1436.048956829819
val_2024,688,441.7448923246825,529.4443819700116
val_2024,689,476.8951666429039,440.0889858972764
val_2024,690,680.8623666386294,727.5070768584483
val_2024,691,294.33190972210235,84.53436168669327
val_2024,692,1065.696736392199,923.5662598557072
val_2024,693,691.2442396313364,629.1698611583996
test,694,734.6938775510204,1055.6741182047272
test,695,1385.6156713299567,1279.921605268316
test,696,1182.6584439352227,1278.6829409660218
test,697,426.6211604095563,391.62485762361234
test,698,984.63859731273,844.4565996685412
test,699,741.3249211356467,973.1086045539028
test,700,227.14301139957115,347.48158207924735
test,701,951.5012901712408,875.997804265334
test,702,300.5400633535857,123.5266120780891
test,703,1307.8231292517005,1354.1135694262118
test,704,1307.8231292517005,1354.1135694262118
test,705,931.4638690067652,809.9863460822417
test,706,1032.7635327635328,919.9173526705648
test,707,154.8190429606467,429.01876284222044
test,708,794.7284345047924,659.584772267589
test,709,940.4414827155352,1165.1025721175881
test,710,146.9579914139848,429.01876284222044
test,711,909.9476278020668,927.3445709136336
test,712,942.0080088773096,1114.0219656511051
test,713,1405.6728342442627,1336.2669048707894
test,714,143.28719993744625,314.0978273926871
test,715,572.7277648459914,528.4720910119477
test,716,1052.0533549874017,903.3399392194874
test,717,1534.0136054421766,1342.4046958279641
test,718,631.0632361052528,1069.3383307337053
test,719,918.0685451340124,807.7479396356307
test,720,643.0659772730545,693.2897840035
test,721,288.34066733654413,530.870729750434
test,722,353.08963880392446,294.89283691611513
test,723,354.26167830349016,396.48701673555934
test,724,131.55837047462663,314.0978273926871
test,725,301.67982396970643,478.57627860360446
test,726,705.907362945178,779.9805239325856
test,727,979.6480575701356,1020.8001033011129
test,728,443.8533976665019,636.7494682548818
test,729,1086.6684336072092,1002.823919144344
test,730,734.7527755691021,471.4412432735089
test,731,461.6132167152575,534.5218652733665
test,732,782.9288657112744,861.5107813620348
test,733,277.9064381658175,672.1544060599738
test,734,1147.2132712734217,1255.8668207321991
test,735,554.9065420560747,298.9710905026659
test,736,1110.3715191523818,801.673470408286
test,737,840.2142995222447,796.249207421793
test,738,788.6435331230284,973.1086045539028
test,739,138.59566815231838,314.0978273926871
test,740,658.382164747087,847.2832927300551
test,741,1252.793088038135,998.6595939562114
test,742,553.9070227497527,515.5655363750058
test,743,979.2558998908204,1007.3493147325435
test,744,553.9070227497527,508.9542833406882
test,745,391.6760658696143,293.9151233444162
test,746,887.4413601458152,838.9679887179896
test,747,799.3311036789298,883.4120416845456
test,748,1212.1419996570055,916.8646188466116
test,749,979.6256266384584,848.0018126081613
test,750,410.7713372889092,432.8482289546441
test,751,1088.4668828161186,1162.0484039698026
test,752,306.89088324151413,308.0093138332377
test,753,599.8956703182055,645.7468137066566
test,754,1055.5756044749187,903.5888033658534
test,755,318.64530225782954,209.60840315758924
test,756,741.3249211356467,945.3526641851006
test,757,940.3562221701432,1012.2449626864721
test,758,401.9485063906589,299.42740771246395
test,759,1408.187037191114,1263.6644045736903
test,760,549.5327902153227,717.3438279653835
test,761,1282.2113983597685,1051.0693685886763
test,762,1270.1493796944892,1213.3923021915884
test,763,612.7450980392157,562.522906799386
test,764,614.434533092134,527.2462807251072
test,765,766.2141779788839,550.48411748379
test,766,810.9416606148632,847.5291809637581
test,767,1019.4875496210756,911.6019303661965
test,768,1294.7004704217145,1105.6704546413785
test,769,222.25106258719703,276.39187597237833
test,770,597.0554311690073,836.4626313981754
test,771,597.0554311690073,836.4626313981754
test,772,783.7997584354844,922.0204139581028
test,773,236.211055076046,314.3321153872853
test,774,1163.8655462184877,1313.3537742232757
test,775,452.1676220156937,584.5161285424786
test,776,772.6819541375872,774.0200037224804
test,777,832.244008714597,981.3817496033137
test,778,1018.1923466679536,1016.9049927762615
test,779,1184.2262259873526,942.6870696367982
test,780,612.7450980392157,562.522906799386
test,781,379.6005941574517,365.88592722527824
test,782,1259.8039215686274,1431.4532798767652
test,783,447.8280340349306,348.8106117109403
test,784,1045.3288332630195,1188.7219491061146
test,785,1079.6734646107031,1056.545981461424
test,786,638.3569247849015,596.3122165904881
test,787,351.0945890128046,357.12339373847453
test,788,587.959049497511,593.4180105600451
test,789,182.1405855482528,255.77359511656846
test,790,313.8169102483637,206.0356581897595
test,791,707.070707070707,555.9458758534331
test,792,666.9494720965308,784.6709885999003
test,793,553.9609644087255,619.8623617198582
test,794,513.7349277404392,292.1710834342616
test,795,841.4349877764511,804.5885795435461
test,796,560.1650025781652,592.9228974684036
test,797,932.4009324009324,1001.348170809485
test,798,139.34545985828038,770.7989588661203
test,799,499.8206921283844,359.4684661890242
test,800,625.4712666411205,499.7600030991671
test,801,370.8086785009862,166.8456474409645
test,802,847.1704506946797,714.4742227231427
test,803,1032.015065913371,931.966550967942
test,804,897.9885057471263,864.4847420548883
test,805,617.7076183939602,618.9618829253986
test,806,158.91422926598804,212.59701888207064
test,807,1142.857142857143,1263.0456577425257
test,808,660.9661819581332,825.1009454447835
test,809,1061.8039125165906,1100.5950023145624
test,810,490.2635825712749,585.6376521896073
test,811,899.100899100899,987.2138946031646
test,812,399.36102236421726,216.39271134538626
test,813,648.3175562803277,764.325854029338
test,814,814.6492682575157,334.7320590179181
test,815,373.4881470730528,480.1418136454922
test,816,502.9337803855825,498.7535991428615
test,817,950.4862953138816,852.9716798444429
test,818,803.2128514056225,883.6226865002727
test,819,802.5485153144728,660.8936964800387
test,820,502.9473005073462,666.9146891168257
test,821,410.20078981033424,290.10363393936746
test,822,836.6800535475235,883.6226865002727
test,823,720.2947160059382,952.3034784801439
test,824,705.1282051282051,852.9716798444429
test,825,680.1698545714178,654.0660512241494
test,826,942.2467711802452,854.0733002904238
test,827,733.8225483655771,599.1012022038921
test,828,282.4652502510438,503.9797522385452
test,829,992.7630358136946,943.8437174278256
test,830,1259.8039215686274,1405.6733763932473
test,831,628.342245989305,856.6402418828205
test,832,829.2132206952934,1124.282960126744
test,833,433.11365070462034,594.1300938425454
test,834,701.3201320132014,847.2832927300551
test,835,1357.6400231173204,872.3390559011139
test,836,882.3529411764707,880.04285501305
test,837,1248.7911533448262,1261.7006686639418
test,838,759.940847847519,767.9241612315084
test,839,549.4505494505495,469.99131294396875
test,840,1211.4399900087424,1051.0693685886763
test,841,933.9080459770116,852.9716798444429
test,842,933.9080459770116,852.9716798444429
test,843,802.407221664995,876.2877761792831
test,844,1259.8039215686274,1405.6733763932473
test,845,1469.3838223249988,1448.9575040757381
test,846,282.4652502510438,503.9797522385452
test,847,1008.5154809088413,925.1058873328292
test,848,217.6297408070196,-1309.6729494238434
test,849,1015.5934031366558,971.6038700619852
test,850,688.963502376488,579.0689832733578
test,851,1353.760177289589,1392.6122044732638
test,852,431.0344827586207,320.5589205272455
test,853,218.97647948068115,347.48158207924735
test,854,1334.4895697836876,1392.6122044732638
test,855,497.737556561086,265.1287727391434
test,856,683.8472741087825,744.8249823469584
test,857,590.8228393996894,870.2747956412866
test,858,319.58237840590783,429.55027841559877
test,859,579.1505791505792,690.2051105920896
test,860,799.2327365728901,821.3337903868104
test,861,278.2276230715843,478.23535339744546
test,862,1119.707631896116,925.7644851267386
test,863,1236.3912566461306,1263.9793953167073
test,864,481.2108142646061,662.2809264991422
test,865,614.597469855086,415.281815830268
test,866,817.6843676159682,776.4801579021175
test,867,1115.0301513255206,1014.8444284001223
test,868,552.2017876362955,329.5846740477673
test,869,1214.2857142857142,1288.1997159829007
test,870,987.3248832555036,925.1058873328292
test,871,1392.933410988158,1272.8214693813452
test,872,637.9757785467128,789.3614532672145
test,873,708.7683558271794,508.68101465241307
test,874,1223.929062070688,996.468282535975
test,875,739.1845627139746,694.0733033423487
test,876,1139.2348951637928,1330.2427479330572
test,877,627.2182463489847,574.3507779067182
test,878,1110.3400416377517,815.8100172937462
test,879,1294.7004704217145,1105.6704546413785
test,880,971.090523495926,1235.2676859994797
test,881,757.1678557006327,935.6167549199226
test,882,761.9879635022327,847.2832927300551
test,883,699.8582565556343,715.6468666431498
test,884,1118.5762275748696,1203.9758668983145
test,885,1210.954729540078,1034.3785327590865
test,886,948.6984448951996,864.4847420548883
test,887,518.7820268496167,287.39321560169174
test,888,447.3902236951119,513.24065250393
test,889,462.1289261376987,555.2942336913302
test,890,516.2893429044727,508.3011270497875
test,891,667.8108909346231,581.8621624617008
test,892,1286.5190619677717,1035.362857807197
test,893,840.7546285446451,994.4843769360631
test,894,902.7373325567852,975.7772321704701
test,895,1363.8128518734227,1272.8214693813452
test,896,692.3451974646514,883.7011008486188
test,897,782.6675693974272,872.9034337971717
test,898,461.42958244869067,289.7870931883358
test,899,1471.004243281471,1317.5642532360298
test,900,504.3478260869565,494.382204463378
test,901,724.5744216499345,761.892955076986
test,902,706.399609184172,690.9623393269259
test,903,839.0022675736961,1065.5774383000576
test,904,666.0666066606661,640.5474808218978
test,905,696.5174129353234,821.2077596622125
test,906,1272.337383845604,1236.4071221013821
test,907,1428.766189502386,1182.0937350417914
test,908,778.4486762656758,1006.056688401404
test,909,872.2197993894462,991.1305173288242
test,910,590.0383141762452,535.6069075242506
test,911,776.2438134930972,510.5311013197952
test,912,483.1640833778728,507.4429555302522
test,913,544.0613026819923,512.8231319163808
test,914,144.8575567358764,475.63995133883964
test,915,727.476217123671,594.3301730683762
test,916,1497.133497133497,1336.2669048707894
test,917,238.5008517887564,150.28971876765627
test,918,916.081578067536,802.1642131750189
test,919,960.698689956332,821.2010600883721
test,920,851.4469453376205,982.6116984265225
test,921,1138.0860629415542,920.8667250313116
test,922,702.4938531787847,927.9885472844618
test,923,603.2575909913534,499.50140721179855
test,924,506.27306273062726,550.3887725966305
test,925,585.3249475890985,578.1527778163318
test,926,968.2380474757606,809.1832091038584
test,927,1518.2688896771904,1373.5171739720809
test,928,969.5753928452024,883.3067721081227
test,929,516.9172932330827,640.5093303009335
test,930,420.2772963604853,99.41939970174394
test,931,764.7907647907648,490.061128962961
test,932,393.4450109249818,309.88163698667745
test,933,839.7932816537467,883.012083877646
test,934,541.4803775459513,603.6924879789171
test,935,684.931506849315,1108.3578233871508
test,936,826.7929634641407,796.249207421793
test,937,190.9182137481184,323.99062208627333
test,938,544.5151033386328,704.8227599733068
test,939,661.0978520286395,859.8549949818929
test,940,188.2901461490182,153.87494216330288
test,941,512.8205128205128,513.9859744404155
test,942,721.5007215007215,471.4412432735089
test,943,463.70530877573134,487.7000550162188
test,944,291.45386448757233,345.1164653459555
test,945,848.0228680323964,708.9921997331212
test,946,966.9540229885056,852.9716798444429
test,947,662.5891946992864,758.1423633978786
test,948,802.1753908905506,795.0518524669953
test,949,386.9152303904327,439.789080815837
test,950,701.1128775834658,892.2542679196126
test,951,387.8406708595388,457.23868599160255
test,952,966.9540229885056,875.997804265334
test,953,660.4511278195489,472.29524063510235
test,954,916.6666666666666,875.997804265334
test,955,778.4241142252777,825.4817371582042
test,956,350.8771929824561,152.24132786510108
test,957,585.9375,523.5607608027517
test,958,642.2018348623853,708.2259931517372
test,959,483.4663625997719,496.5902477402726
test,960,653.8461538461538,900.1018101118937
test,961,444.7552447552448,251.37854309840418
test,962,642.2018348623853,671.0459631097556
test,963,1445.9459459459458,1342.0808522608313
test,964,424.75728155339806,347.31997314392675
test,965,222.97808012093725,347.48158207924735
test,966,557.6578370842461,542.3655370989463
test,967,1419.4634909178396,1182.0937350417914
test,968,229.60310062306823,327.1294626647832
test,969,628.3113707376716,1045.111349358565
test,970,902.9599100786812,943.7485866654374
test,971,944.723003546533,1030.0260665865671
test,972,650.5966300893447,729.5997952059154
test,973,549.5327902153227,717.3438279653835
test,974,348.5294117647059,529.3166882262133
test,975,800.0,583.5062533287404
test,976,1396.5963743988164,1408.941561670289
test,977,136.6021952259165,-12.207145653898351
test,978,613.9584546689964,821.2881243788652
test,979,434.2557059179964,534.7523409670866
test,980,596.5478460710968,1081.4842590626517
test,981,1099.227569815805,959.1488394840849
test,982,560.3279117429032,596.7240391369055
test,983,177.93594306049823,526.4699559166158
test,984,601.988997037664,637.8396082331722
test,985,1551.2839042250807,1336.2669048707894
test,986,650.5966300893447,729.5997952059154
test,987,889.5550278350918,1068.1823610227912
test,988,593.2710162716771,573.423256951121
test,989,1114.7199165964955,1108.236133900439
test,990,553.9070227497527,508.9542833406882
test,991,1107.6459834390794,1163.5678908657396
test,992,1093.3351963113037,1118.1174960073677
test,993,1512.7426892132771,1336.2669048707894
test,994,853.4805507963704,932.9138335750658
test,995,579.3503000206911,669.1172393284485
test,996,1416.3896516837694,1336.2669048707894
test,997,531.9148936170212,591.6769913915016
test,998,708.2612456747405,784.6709885999003
test,999,660.7929515418502,614.4461125332073
test,1000,1504.0614121217532,1399.3005206793723
test,1001,662.8656190608631,577.4834169606602
test,1002,628.3311329519339,1081.4842590626517
test,1003,1319.678614545606,1160.2715406940797
test,1004,552.0702634880803,581.6260125538527
test,1005,579.3503000206911,669.1172393284485
test,1006,661.9952056057532,586.6515167975841
test,1007,1226.993865030675,1034.3785327590865
test,1008,721.8844984802431,670.0737996068187
test,1009,988.2869692532944,823.3579641768101
test,1010,1507.839127471029,1182.0937350417914
test,1011,1179.5620437956204,998.6595939562114
test,1012,929.7218155197658,807.7479396356307
test,1013,1031.6804407713498,978.6007719757127
test,1014,991.1616161616162,1022.4478364721849
test,1015,1566.6666666666667,1395.906042944307
test,1016,931.2875250166778,912.7620404384753
test,1017,850.7089241034195,1022.662204112803
test,1018,699.4134897360703,958.8168270483332
test,1019,658.7537091988131,580.9620309410358
test,1020,146.586775090948,429.01876284222044
test,1021,1209.5032397408208,1002.6676112759344
test,1022,326.70454545454544,116.64088025551882
test,1023,1066.5742024965325,926.8479060424287
test,1024,142.911877394636,314.0978273926871
test,1025,394.6510110893673,346.41834295990157
test,1026,379.1666666666667,460.71333865594056
test,1027,601.5037593984962,376.47595650839116
test,1028,860.614724803431,1211.113575538823
test,1029,1232.4471710974778,1034.3785327590865
test,1030,582.3293172690762,678.7505785403733
test,1031,981.4037192561486,989.9306393555001
test,1032,1138.0860629415542,919.254502609807
test,1033,839.155749636099,805.5910355471926
test,1034,463.821892393321,540.4914082529336
test,1035,134.99382070539025,180.1381996580269
test,1036,1506.6666666666667,1342.4046958279641
test,1037,761.7689015691869,1041.153372228618
test,1038,294.75509319462503,550.5080727653033
test,1039,620.4431736954967,1211.113575538823
test,1040,672.1820062047569,764.325854029338
test,1041,622.8632478632479,1075.354217321521
test,1042,1344.6567586694975,1019.5762452192375
test,1043,1216.0872528970688,1108.236133900439
test,1044,893.0041152263374,878.0742973627443
test,1045,1029.512697323267,1231.1309014944497
test,1046,786.2679955703212,854.5409248819938
test,1047,595.9342801448065,590.8275493318179
test,1048,951.2972234865726,826.5597423694421
test,1049,965.9348978046934,945.2962149085431
test,1050,714.5214521452145,847.2832927300551
test,1051,620.3605514316013,527.2462807251072
test,1052,681.3434035031336,481.140117409715
test,1053,465.1162790697674,607.7854377672419
test,1054,1579.033579033579,1336.2669048707894
test,1055,611.1203873768576,454.5738912514021
test,1056,636.2591031046378,466.8946072525921
test,1057,1389.4389438943897,1246.8263010301557
test,1058,1566.6666666666667,1342.4046958279641
test,1059,666.6666666666666,715.6468666431498
test,1060,579.1505791505792,690.2051105920896
test,1061,552.914245465751,576.0071449778966
test,1062,732.6478149100257,875.5940160175121
test,1063,1579.033579033579,1448.9575040757381
test,1064,519.9329983249581,568.6534586459193
test,1065,463.8321369409167,504.70963574903067
test,1066,764.3678160919541,864.4847420548883
test,1067,797.6973684210526,710.4269549757466
test,1068,1363.3333333333333,1420.3778007487147
test,1069,1268.6131386861314,1004.5200282011715
test,1070,901.5256588072122,905.4418584404424
test,1071,627.3525721455458,553.2997750321149
test,1072,1214.7701582516956,1293.387365321489
test,1073,1281.7518248175184,1004.5200282011715
test,1074,1343.3333333333333,1368.8179937816792
test,1075,935.6435643564356,949.3522246379341
test,1076,1343.3333333333333,1394.5978972651972
test,1077,890.1488306165841,783.6283102177831
test,1078,860.8414239482202,1349.0320821421
test,1079,1539.7215397215396,1299.518468720341
test,1080,545.5322787516033,815.3444952144573
test,1081,922.4489795918367,1161.6670034664132
test,1082,792.2455573505655,717.8245966943123
test,1083,1457.8214578214577,1243.1731691178675
test,1084,1105.577689243028,961.3527603121219
test,1085,848.4438430311232,738.12216758824
test,1086,1323.8027162258757,1274.3500559442732
test,1087,573.7373737373738,635.1100195309061
test,1088,839.0022675736961,1021.9272443267976
test,1089,1203.7169406719086,1274.3500559442732
test,1090,467.139175257732,410.7989278166863
test,1091,212.3552123552124,310.3537024874504
test,1092,466.0471765546819,1249.0565093817136
test,1093,817.4442190669372,954.3454083197464
test,1094,786.8091035764049,955.1644860270538
test,1095,1036.6436537440256,1056.7734431820506
test,1096,600.3244997295836,618.1937775535544
test,1097,1091.8774966711053,829.9743806385876
test,1098,1050.906963136337,887.5152820951864
test,1099,696.1061561888188,791.9693288208425
test,1100,1072.856221792392,1088.131207020494
test,1101,1316.348195329087,922.9541316187297
test,1102,844.8637316561845,941.7792001696307
test,1103,951.683748169839,918.3757129598823
test,1104,600.3244997295836,529.3652453573673
test,1105,1407.572383073497,1034.6506192209563
test,1106,954.0229885057472,839.1631345012169
test,1107,313.8169102483637,207.0303388681582
test,1108,626.9592476489029,145.57470286274452
test,1109,684.903748733536,563.1514359976011
test,1110,1214.7701582516956,1319.1672688050069
test,1111,328.4624933498847,205.66245245835592
test,1112,506.27306273062726,553.7014374459046
test,1113,366.364270760642,371.8471113243734
test,1114,1016.9491525423728,918.0075535630074
test,1115,933.9080459770116,850.6761967116623
test,1116,538.2131324004306,522.185567909147
test,1117,475.8742806551572,382.75099069446674
test,1118,920.0283085633404,646.9419721552404
test,1119,972.342264477096,898.7936886644773
test,1120,1016.0891089108912,991.5515559633343
test,1121,797.6973684210526,680.3046231975313
test,1122,967.9180887372012,827.765348633395
test,1123,1457.8214578214577,1243.1731691178675
test,1124,1230.1313061506564,961.4779521734699
test,1125,1457.8214578214577,1243.1731691178675
test,1126,757.6840600428877,1249.0565093817136
test,1127,813.9534883720929,781.3350836785914
test,1128,1171.1830799735624,913.1642728454459
test,1129,1288.0396319886763,1063.427946263604
test,1130,1128.5801340645949,1180.3630233840518
test,1131,556.5217391304348,831.6987598219216
test,1132,590.0383141762452,502.7164911913594
test,1133,1343.3333333333333,1368.8179937816792
test,1134,671.281728550451,515.5729781295565
test,1135,1011.0192837465564,1015.474761431277
test,1136,190.6961398878258,553.9209815558929
test,1137,839.8835516739447,796.717135919339
test,1138,412.4051468162323,553.9209815558929
test,1139,785.3107344632768,674.4722719745414
test,1140,858.679706601467,935.7275371019923
test,1141,819.2090395480226,727.8623434242945
test,1142,1150.6475800954329,1107.6653113794582
test,1143,1415.841584158416,1285.0520938361426
test,1144,361.969111969112,282.7813275973133
test,1145,1216.0872528970688,1107.6653113794582
test,1146,1457.8214578214577,1243.1731691178675
test,1147,989.1650732950924,899.5366612876103
test,1148,397.2153972153972,313.2083234139325
test,1149,985.632183908046,850.6761967116623
test,1150,867.7685950413223,1036.5744270939767
test,1151,809.8833218943033,815.14047790743
test,1152,968.8581314878892,836.5376107483598
test,1153,1062.8500311138769,1118.640223723622
test,1154,381.4477676636324,556.1445424001288
test,1155,1143.430290872618,843.0373158288239
test,1156,785.0241545893721,813.1243179973268
test,1157,1231.4225053078555,1008.8268602109019
test,1158,433.91188251001336,757.8982686286413
test,1159,843.277645186953,526.2078520063606
test,1160,1053.361053361053,1223.9666127783328
test,1161,501.5249068112504,309.45238055104346
test,1162,1539.7215397215396,1299.518468720341
test,1163,1527.839643652561,1017.7212848473168
test,1164,864.4688644688645,927.3111156966495
test,1165,822.9947180936002,801.738163621487
test,1166,837.2291647936707,789.5836557882349
test,1167,1407.7467721782589,1227.9557662633638
test,1168,318.6102605333835,507.30340847124285
test,1169,1003.5479709125028,850.6761967116623
test,1170,1027.0064663370104,974.8153248517574
test,1171,220.3230506931557,513.0514680371714
test,1172,1019.8708235268832,944.9145685962285
test,1173,574.9128919860627,684.7579270963414
test,1174,872.8915294931531,792.63539494025
test,1175,1034.5689296126611,1227.9557662633638
test,1176,584.6502024934488,856.0270838115198
test,1177,195.48925698829603,293.8974429574687
test,1178,1009.6848473902836,850.5297371158358
test,1179,631.2823636917452,634.2776239233917
test,1180,640.7689227072487,586.1198750114695
test,1181,599.6057268817482,331.3320633919486
test,1182,915.4278995548837,1002.3985159203125
test,1183,463.6854741896758,396.7931819681835
test,1184,948.9319410219056,903.6998397308429
test,1185,1595.2380952380952,1369.5596921049646
test,1186,266.44412411804865,190.08472973140442
test,1187,463.8321369409167,479.97488952804974
test,1188,338.9029003783102,263.2098135248981
test,1189,385.8611961697081,213.278120301243
test,1190,518.0336285457579,308.84480230907866
test,1191,668.3000038481766,569.5457468090567
test,1192,1123.3009581481915,908.2665127500189
test,1193,1420.5023030629054,1202.7065814462135
test,1194,901.3364893340644,841.0326797017224
test,1195,1253.825649126271,906.974437497317
test,1196,1013.2629243761526,1001.4419199413896
test,1197,757.9263136059741,839.7923402186779
test,1198,404.7522963987855,211.01840488522498
test,1199,1117.927743694615,1033.8077102381058
test,1200,488.839697472791,455.7910987896262
test,1201,1333.3333333333337,937.6482791430893
test,1202,709.8381070983811,461.5146630924871
test,1203,1122.609673790776,1205.431564317461
test,1204,633.8797814207651,645.6430067540325
test,1205,719.910011248594,428.07470932477327
test,1206,872.2197993894462,1093.714944145072
test,1207,946.2151394422312,996.87393181294
test,1208,586.1664712778429,680.6634481875749
test,1209,932.471264367816,850.6761967116623
test,1210,955.7291666666669,805.5781614166485
test,1211,1143.430290872618,719.5630304801225
test,1212,871.9723183391004,899.4521148789026
test,1213,874.1291221551323,990.685657527872
test,1214,512.6262626262626,550.3165250222678
test,1215,539.5136778115501,582.77101133164
test,1216,617.7076183939602,590.9585621069594
test,1217,871.9723183391004,899.4521148789026
test,1218,590.0383141762452,502.7164911913594
test,1219,882.9593330743717,946.1316533286845
test,1220,501.82523075808217,509.13657339314614
test,1221,318.4110970996217,310.19742782915284
test,1222,1004.7514669643708,780.4944437744168
test,1223,944.6324593488984,1026.6319151047587
test,1224,347.8260869565217,500.1343704999276
test,1225,767.4929830299619,623.5811969312637
test,1226,633.6062364895917,635.9772374013057
test,1227,1020.408163265306,830.0061271895054
test,1228,377.7323673292464,556.1445424001288
test,1229,1152.828652828653,838.612668571453
test,1230,383.1513073979592,382.83426528456334
test,1231,1283.9955515114748,977.4576462948826
test,1232,788.4350703211164,753.9563044539352
test,1233,1059.3160130946576,823.2837915211744
test,1234,414.97975708502025,329.8990810876031
test,1235,264.9953730966602,113.3266079761504
test,1236,363.4073069095843,201.4004656044807
test,1237,668.9179268829834,657.4717182996906
test,1238,592.4170616113744,494.92839575540984
test,1239,997.1509971509972,908.1991338217404
test,1240,1154.7586279213033,903.429845485506
test,1241,1159.5358534134043,936.4119046889693
test,1242,936.5049634763064,875.4125627615668
test,1243,510.93678256367167,407.99965483355504
test,1244,630.965168022096,523.8665881848146
test,1245,539.2881790397319,363.4673989271803
test,1246,1153.2629411682872,1107.6653113794582
test,1247,626.1859582542694,557.9913907713924
test,1248,1370.6544188800783,1008.8268602109019
test,1249,721.1438546905523,666.9528859677819
test,1250,1607.9158936301792,1355.8637683228153
test,1251,673.3719740879644,831.7652623659976
test,1252,1021.230409972208,1193.2133287677002
test,1253,854.5266690048057,990.685657527872
test,1254,1249.055177626606,1333.067635016765
test,1255,1027.1631220191184,788.2493427458335
test,1256,1283.9955515114748,977.4576462948826
test,1257,140.55116485421266,-863.0366387699796
test,1258,514.7740142077628,-561.5535013477756
test,1259,878.4748467288149,922.48844903592
test,1260,1370.6544188800783,977.4576462948826
test,1261,1283.928205428513,1276.6287825970387
test,1262,1345.1832345841565,1397.9698760522838
test,1263,1208.4548104956266,1279.8407902608383
test,1264,538.6616798113668,416.24654759454825
test,1265,1370.6544188800783,954.2257741582007
test,1266,778.9262891303707,455.61560656747133
test,1267,779.2803117121247,536.0578760424305
test,1268,764.1430432355312,651.9877164201771
test,1269,1349.360330265058,1274.3500559442732
test,1270,668.9342403628117,549.1311964437821
test,1271,754.5030590852692,855.4090186491871
test,1272,622.9235880398671,600.8608794709628
test,1273,1283.9955515114748,1008.8268602109019
test,1274,154.40472913635588,189.31366599545095
test,1275,614.1412962611778,1249.0565093817136
test,1276,950.5352528608342,1046.471766311216
test,1277,880.5460750853242,892.8702567714618
test,1278,719.9708824885628,697.9205828464412
test,1279,1369.047619047619,1446.1577042322326
test,1280,458.79235058212646,442.2804322973377
test,1281,1485.9014859014856,1243.1731691178675
test,1282,818.6526890391415,642.807613293397
test,1283,886.1149637848666,950.3307716471581
test,1284,954.5753785385124,762.1437817887412
test,1285,811.2398375766293,969.4686246861552
